metric_id,classification,na_share_pct,confidence,proposed_base,parent_qid,parent_condition,coherence_check,rationale,flags
REW265_INC_SIPELEM,a_conditioning_child,87.3,high,orgs operating a SIP = SHAREPLAN 'SIP' or 'Both' (n=18),REW264_INC_SHAREPLAN,"REW264_INC_SHAREPLAN in ('SIP','Both') (SIP operated)","192 'No SIP operated' vs 202 SHAREPLAN-no-SIP (SAYE/Neither/no-shares); overlap 186; only 6 N/A-but-SIP-Yes; 16 no-SIP-but-listed-elements. Of 28 substantive answerers, 12 are SHAREPLAN SIP/Both. Best N/A-side coherence of the big-share metrics.","Question text is literally 'If a SIP is offered, which elements are used?' - textbook conditioning child of the SHAREPLAN family parent named in the sweep brief. 'No SIP operated' leaves graph+n.",Share-plan family (SHAREPLAN parent of SIPELEM/SHAREPART; SAYEDISC same family per brief). Applicable base is tiny (18) - incidence-tier / small-n suppression check needed before rendering (r3sw8 gate extensions).
REW265_INC_SHAREPART,a_conditioning_child,80.5,high,"orgs operating an all-employee share plan = REW264_INC_SHAREPLAN in {SAYE, SIP, Both} (n=43); 'Not applicable' (177) leaves graph+n",REW264_INC_SHAREPLAN,"answer in {SAYE, SIP, Both} (all-employee share plan operated)","177 child-N/A vs 177 parent-No ('Neither' 138 + 'Not applicable (no shares)' 39): overlap 177, 0 N/A-but-parent-Yes, 0 parent-No-but-substantive. Base check: 43 substantive child answers (17+13+9+4) = 43 parent-Yes exactly.",Direct exists-gate in the bank ('Do you operate an all-employee share plan (SAYE/Sharesave or SIP)?') with PERFECT live set coherence — the cleanest conditioning case in the batch.,Share-plan family per register: SHAREPLAN parent of SIPELEM/SAYEDISC/SHAREPART — all three children should adopt this same parent definition. Parent's own duplicate absence pair ('Neither' + 'Not applicable (no shares)') is an option-redesign candidate but does not affect the gate (both = parent-No).
REW265_INC_SAYEDISC,a_conditioning_child,80.5,high,orgs operating SAYE = REW264_INC_SHAREPLAN 'SAYE' or 'Both' (n=31),REW264_INC_SHAREPLAN,"REW264_INC_SHAREPLAN in ('SAYE','Both') — the SAYE-operating side (n=31)",43 non-N/A vs 31 SHAREPLAN SAYE/Both: all 31 contained (0 parent-Yes-but-N/A); the 12 extras are EXACTLY the 12 SIP-only orgs (verified: their SHAREPLAN answers = Counter({'SIP': 12})) — SAYEDISC non-N/A set == any-plan set (SAYE+SIP+Both=43). Seeds gated the child on any-plan instead of the SAYE side.,"'If SAYE is offered...' has its exact parent in the bank. Coherence is one-directionally clean: every SAYE/Both org answered a discount, zero SAYE orgs sit in N/A.","Share-plan family: REW264_INC_SHAREPLAN parent of REW265_INC_SAYEDISC (SAYE side) / REW265_INC_SIPELEM (SIP side) / REW265_INC_SHAREPART (any-plan side). SHAREPART is PERFECT (non-N/A == any-plan 43); SIPELEM is messy (28 non-'No SIP' vs 18 SIP/Both, overlap 12). Seed repair: flip the 12 SIP-only SAYEDISC answers to N/A. REW264_INC_EMICSOP is the discretionary-plan sibling with its own 'no share capital' N/A."
REW263_BEN_CICOVER,a_conditioning_child,76.4,high,orgs offering critical illness cover = REW_BEN_038 tick 'Critical illness cover' (n=42); both 'Not offered' (86) and 'Not applicable' (82) leave graph+n,REW_BEN_038,tick 'Critical illness cover' (CRITICAL_ILLNESS_COVER),"168 child no-CI orgs (86 'Not offered' + 82 'Not applicable') vs 178 parent-No (no CI tick): overlap 137; 31 N/A-but-parent-Yes; 41 parent-No-but-substantive. Substantive answers (52) exceed tick base (42) — messy, seed-repair.","Level-of-cover child with the established benefits-presence authority as parent (r3sw6/r3sw8 REW_BEN_038 precedent); 'Not offered' and 'Not applicable' are duplicate parent-absence encodings, not stances.",Duplicate N/A pair ('Not offered' + 'Not applicable') should collapse to one code at option redesign; combined na_share is 76.4 (worst single option 39.1); insured-benefits family with REW_BEN_045 / GIPREHAB all gating on REW_BEN_038 ticks.
REW263_INC_DEFERRAL,a_conditioning_child,71.8,medium,orgs that defer bonuses = REW_INC_069 deferral-users (n=182 nominal); 'Not applicable' (158) leaves graph+n,REW_INC_069,"answer in {Exec only, Senior leadership only, Wider population} (bonuses ARE deferred for some population)","158 child-N/A vs 23 parent-No ('No deferral'): overlap 17, 141 N/A-but-parent-Yes, 6 parent-No-but-substantive. Widening parent-No to include REW_INC_103 'None' (no bonus scheme, 41): parent-No=62, overlap 47, still 111 N/A-but-parent-Yes. Child's own 'No deferral' option (34) vs parent 'No deferral' (23): overlap only 3.",REW_INC_069 'Are bonuses deferred for any population?' is the semantically clean exists-gate for a question that opens 'For deferred bonuses…'; the parent is right even though the live sets are wildly incoherent.,"WORST set mess in batch — 141 orgs say deferral exists on the parent but answered N/A on the child; major seed-repair before conditioning can go live. Child's own 'No deferral' option duplicates the parent-No side (redesign candidate). Bonus family: REW_INC_103 (scheme gate) → REW_INC_069 (deferral gate) → REW263_INC_DEFERRAL; parent's 'Varies' option (15, is_na=true) needs a ruling on which side of the gate it sits."
REW264_WEL_EWACAP,a_conditioning_child,65,high,orgs offering EWA = REW264_WEL_EWA != 'No' (n=77),REW264_WEL_EWA,value != 'No' (offered = 'Yes all eligible' 44 / 'Yes hourly/frontline only' 22 / 'Piloting' 11; parent-No = 'No' 143),"PERFECT: 143 EWACAP-N/A vs 143 EWA='No' — 143/143 overlap, 0 mismatches either direction, 0 piloting orgs among the N/As; sibling REW264_WEL_EWAFEES's N/A set also identical 143/143",Clean parent-exists gate with fully coherent live sets — the cleanest conditioning candidate in this batch,EWA family: REW264_WEL_EWA parent; REW264_WEL_EWACAP + REW264_WEL_EWAFEES children with identical 143-org N/A sets; decide whether 'Piloting' (11) counts in the applicable base (it currently answers the children substantively)
REW264_WEL_EWAFEES,a_conditioning_child,65,high,orgs offering/piloting earned wage access = REW264_WEL_EWA != 'No' (n=77),REW264_WEL_EWA,REW264_WEL_EWA != 'No' (Yes all eligible 44 + Yes hourly/frontline 22 + Piloting 11),"PERFECT: 143 EWAFEES-N/A orgs == 143 EWA-'No' orgs, intersection 143, 0 N/A-but-parent-Yes, 0 parent-No-answering-substantively. All 11 Piloting orgs answered fees (so parent-Yes correctly includes Piloting). REW264_WEL_EWACAP N/A set verified byte-identical to EWAFEES N/A set.",Textbook conditioning child: 'If earned wage access is offered...' and the bank holds the exact exists-question REW264_WEL_EWA.,EWA family: REW264_WEL_EWA parent of REW264_WEL_EWAFEES + REW264_WEL_EWACAP — both children show identical perfect coherence; condition both in the same diff. Zero seed repair needed.
REW_BEN_041,a_conditioning_child,64.1,medium,orgs with a holiday-purchase scheme = REW_BEN_HOL_003 buy-side (n=110),REW_BEN_HOL_003,"value in ('Yes - both buy and sell options are available','Yes - buy only') = buy scheme exists (n=110; no-buy = 'No' 91 + 'Yes - sell only' 6)",141 'Not offered / not applicable' vs 97 no-buy: overlap 61; 70 N/A-but-parent-buy-Yes; 36 substantive-but-parent-no-buy. Sibling REW_BEN_HOL_006's 50 N/As cohere far better (47/50 inside no-buy),A clean buy/sell exists-question is in the bank; REW_BEN_041's N/A set is badly incoherent with it while its near-duplicate HOL_006 is nearly clean — class (a) with heavy seed-repair,"holiday-buy family: REW_BEN_HOL_003 parent; REW_BEN_041 and REW_BEN_HOL_006 are NEAR-DUPLICATE children (both ask max purchasable days; N/A 141 vs 50 — mutually incoherent, consider retiring one); WEL_BMAP_WLB_TIME_OFF_001 'Annual Leave Buy Scheme' tick (89) is a third presence signal; HOL_003 carries a DK (10) → blanket-DK diff"
REW264_HLT_GIPREHAB,a_conditioning_child,58.2,high,orgs offering income protection = REW_BEN_038 tick 'Income protection' (n=62); 'Not applicable' (128) leaves graph+n,REW_BEN_038,tick 'Income protection' (INCOME_PROTECTION),"128 IP-N/A orgs vs 158 BEN_038 no-IP-tick: overlap 95, 33 N/A-but-parent-Yes, 63 parent-No-but-substantive. Alternative parent REW_BEN_046 'No' (140): overlap 102, 26 N/A-but-parent-Yes, 38 parent-No-but-substantive. The two parent authorities themselves disagree (BEN_038 no-tick 158 vs BEN_046 No 140).","Question text is explicitly conditioned ('If group income protection is offered…'); REW_BEN_038 ticks are the established presence authority (r3sw6/r3sw8), though the dedicated gate REW_BEN_046 also exists and fits the child slightly better.","IP family: REW_BEN_046 (gate) → REW_BEN_047, REW_BEN_048 ('If income protection is offered…' siblings, same treatment due), REW264_HLT_GIPREHAB, related REW264_HLT_RISKFLEXUP. Parent-choice needs a ruling: BEN_038 tick (precedent) vs BEN_046 (better set fit, richer semantics short/long-term); cross-authority mismatch is seed-repair either way."
REW_BEN_047,a_conditioning_child,58.2,high,orgs offering income protection = REW_BEN_038 tick 'Income protection' (n=62),REW_BEN_038,REW_BEN_038 includes tick 'Income protection' (INCOME_PROTECTION),"128 IP-N/A orgs vs 158 no-IP-tick orgs; overlap 95; 33 N/A-but-tick-Yes; 63 no-tick-but-substantive. 92 substantive waiting-period answers vs only 62 ticks - both sides need seed repair, parent semantically exact.","Question text 'If income protection is offered, what is the typical waiting period?' - the sweep's canonical (a); REW_BEN_038 is the established presence authority.","IP family under REW_BEN_038. Combined option label 'Not applicable / not offered' - single option, no dual-option problem (contrast REW263_BEN_DENTAL)."
REW263_BEN_DENTAL,a_conditioning_child,57.7,high,orgs offering dental cover = REW_BEN_038 tick 'Dental cover' (n=42),REW_BEN_038,REW_BEN_038 includes tick 'Dental cover' (DENTAL_COVER),N/A-set 188 (Not offered 61 + Not applicable 127) vs 178 no-dental-tick orgs; overlap 155; 33 N/A-but-tick-Yes; 23 no-tick-but-substantive. Only 9 of 32 substantive funding answers come from the 42 tick-Yes orgs - heavy seed repair.,Funding basis (employer-paid vs voluntary) only applies where dental is offered; REW_BEN_038 is the established benefits-presence authority (r3sw6/r3sw8 precedent) and carries a DENTAL_COVER tick. Both 'Not offered' and 'Not applicable' are parent-No markers and leave graph+n.,TWO redundant N/A-type options ('Not offered' + 'Not applicable') split 61/127 with no discernible semantic difference - merge/vestigialise in option redesign. Health-protection family under REW_BEN_038.
REW263_BEN_PMIEXCESS,a_conditioning_child,56.4,high,orgs offering PMI = REW_BEN_038 tick 'Private Medical Insurance (PMI)' (n=130) — same parent definition as the live REW265_BEN_PMICOMP declaration in data/applicable_bases.json (r3sw8/r3sw9 precedent),REW_BEN_038,tick 'Private Medical Insurance (PMI)',124 N/A vs 90 parent-No (038 answerers without PMI tick): overlap 52; 72 N/A-but-parent-Yes (PMI orgs answering N/A — worst offender in the batch); 38 parent-No-but-substantive,"PMI excess/cost-share only exists where PMI is offered; the established PMI presence authority is the REW_BEN_038 tick (r3sw6 premium re-base, r3sw8 PMICOMP). Parent is semantically exact; live sets are badly incoherent -> seed-repair work, not a classification doubt.","MESSY SETS — major seed repair (72 PMI-holding orgs sit on N/A; possible member reading of N/A as 'no excess' despite a 'No excess' option). PMI family: REW_BEN_038 tick parent of REW_BEN_044, REW_BEN_139, PMI premium matrix 3faf1f0c-..., REW265_BEN_PMICOMP (already declared), this metric."
REW264_BEN_EVSALSAC,a_conditioning_child,56.4,medium,orgs offering a sal-sac car scheme = REW_BEN_038 tick 'Salary sacrifice car scheme' (n=27 today — seed repair must reconcile before conditioning),REW_BEN_038,"tick 'Salary sacrifice car scheme' (established benefits presence authority, r3sw6/r3sw8 precedent)",124 EVSALSAC-N/A vs 193 non-tick orgs: 109 overlap; 15 N/A-but-parent-Yes; 84 parent-No-but-substantive — only 27 orgs tick the scheme in 038 while 96 describe its EV policy,"'If a salary sacrifice car scheme is offered...' is an explicit conditioning child; REW_BEN_038 carries the semantically exact tick, but the live sets are badly incoherent (seed-repair work)","sal-sac CAR family gates on REW_BEN_038 tick — distinct from the pension sal-sac family (REW264_PEN_SALSACIMPACT/SALSACRESPONSE/NICSHARING, which gate on REW26_BEN_SALSAC); 84 parent-No substantive children is the mess to reseed"
REW263_PAY_COMPARATIO,a_conditioning_child,45.5,medium,"orgs with formal pay ranges = REW_PAY_001 in ('Yes','Partially') (n=168)",REW_PAY_001,!= 'No' (Yes or Partially — formal pay ranges defined),"100 N/A vs 52 parent-No (REW_PAY_001='No'): overlap 23; 77 N/A-but-ranges-Yes/Partially; 29 parent-No-but-substantive. Alternative gate CAP_EFF_GRADES_cf89ff3e='No formal grade structure' (34) is worse: overlap 16, 84 N/A-but-graded","A compa-ratio / position-in-range target only exists where pay ranges with midpoints exist; REW_PAY_001 ('Are formal pay ranges defined for all permanent roles?') is the semantically right exists-gate in the bank. Sets are very messy (77 of 100 N/A orgs claim ranges) — classing (a) per the parent-is-semantically-right rule, with the mess flagged.","MESSY SETS — heavy seed repair either way; (b) is the defensible fallback if David rejects the REW_PAY_001 gate. 'No formal target' (36) is a substantive on-graph stance that partially overlaps the N/A meaning — watch for double-draining the base. Pay-structure family: REW_PAY_001/002/003, PAYTR_01/02, REW_FAI_088."
REW_BEN_045,a_conditioning_child,44.1,high,orgs offering life assurance = REW_BEN_038 tick 'Life assurance' (n=119); 'Not offered' (97) leaves graph+n,REW_BEN_038,tick 'Life assurance' (LIFE_ASSURANCE),97 'Not offered' vs 101 no-LA-tick: sizes nearly match but membership does not — overlap only 50; 47 N/A-but-parent-Yes; 51 parent-No-but-substantive. Substantive answers 123 vs tick base 119.,"Multiple-of-salary child of the established REW_BEN_038 presence authority (same shape as the PMI r3sw6/r3sw8 rebases); 'Not offered' is parent-absence, not a cover stance.",Heavy seed-repair: near-random 50/97 membership agreement despite matched sizes suggests the two were seeded independently. Insured-benefits family with REW263_BEN_CICOVER and GIPREHAB (all REW_BEN_038-tick gates).
REW265_INC_COMMCAP,a_conditioning_child,44.1,high,orgs operating commission plans = REW_INC_135='Yes' (n=36),REW_INC_135,value = 'Yes' ('Does your organisation operate sales commission or commission-based incentive plans?'; Yes 36 / No 184),"97 'Not applicable (no commission plans)' vs 184 135-No: all 97/97 N/As are parent-No (0 N/A-but-parent-Yes), but 87 parent-No orgs answered COMMCAP substantively","Textbook exists-gate in the bank; N/A direction is fully coherent, the 87 parent-No substantive answers are the seed mess to repair","commission family: REW_INC_135 parent of REW_INC_136 + REW265_INC_COMMCAP; three incompatible implied presence rates (135-Yes 36/220, 136-substantive 199/220, COMMCAP-substantive 123/220)"
REW264_PEN_NICSHARING,a_conditioning_child,40.5,medium,orgs with a pension sal-sac scheme = WEL_BMAP_FIN_SALARY_SACRIFICE_001 tick 'Salary Sacrifice for Pension Contributions' (n=120 of 213 answerers); 'No sal-sac scheme' (89) leaves graph+n,WEL_BMAP_FIN_SALARY_SACRIFICE_001,tick 'Salary Sacrifice for Pension Contributions',"89 child no-salsac vs 93 WEL_BMAP no-pension-tick: overlap 43, 46 N/A-but-parent-Yes, 50 parent-No-but-substantive. Alternative REW26_BEN_SALSAC 'No' (89 — identical size): overlap 58, 31 mismatched each way. Both candidates messy; neither cleanly generated the child.",'No sal-sac scheme' is a pure parent-absence encoding and the WEL_BMAP multi-select is the established benefits-presence authority for it; alternative REW26_BEN_SALSAC asks 'by default' which conflates presence with default-enrolment.,"Sal-sac family: REW264_PEN_NICSHARING, REW264_PEN_SALSACIMPACT, REW264_PEN_SALSACRESPONSE, REW_BEN_102 (participation), REW26_BEN_SALSAC — should all take the SAME parent definition when ruled. REW264_BEN_EVSALSAC is the separate car-scheme branch (gate = REW_BEN_038 tick 'Salary sacrifice car scheme'). Parent-choice ruling needed; seed repair on 46 N/A-but-parent-Yes orgs."
REW_BEN_044,a_conditioning_child,37.3,high,orgs offering PMI = REW_BEN_038 tick 'Private Medical Insurance (PMI)' (n=130),REW_BEN_038,REW_BEN_038 ticks 'Private Medical Insurance (PMI)' (130 tickers of 220) — the established PMI presence authority (r3sw6/r3sw8 precedent),"82 'Not offered' orgs (all pure single-option rows, no co-selection) vs 90 038-no-tick orgs: overlap only 40; 42 orgs say 'Not offered' on 044 while TICKING PMI on 038; 50 no-tick orgs answered eligibility rules. 92 incoherent orgs total.","'Not offered' on an eligibility-rules question is a parent-exists skip, and the platform already ruled REW_BEN_038 ticks the PMI existence authority (r3sw6 premium re-base; r3sw8 PMICOMP seeded over the 130 tickers). Same parent definition must apply here.",PMI family: REW_BEN_038 tick parent of REW_BEN_044 / REW_BEN_100 ('Not offered'=16 vs 90 no-tick — sibling wildly inconsistent) / REW263_BEN_PMIEXCESS (N/A 124) / PMI premium matrix. The 42+50 mess is major seed-repair work but the parent is the ruled authority — (a) stands.
REW_BEN_048,a_conditioning_child,34.1,high,orgs offering income protection = REW_BEN_046 != 'No' (n=80 of 220),REW_BEN_046,!= 'No' (Short-term only / Long-term only / Both — IP offered),"75 N/A vs 140 REW_BEN_046='No': overlap 75, ZERO N/A-but-parent-Yes (perfect one-way nesting); 65 parent-No-but-substantive (drift from post-June reshapes). Alternative REW_BEN_038 no-IP-tick (158): overlap 56, 19 N/A-but-tick-Yes — worse. The two authorities themselves disagree: 046-No vs 038-no-tick overlap 103; 37 046-No-but-tick-Yes; 55 tick-No-but-046-offering","Textbook 'If income protection is offered...' child. The David-signed apply_incprot.py precedent conditioned 047/048 on REW_BEN_046 explicitly ('every 046-No org -> Not applicable / not offered'), and the live N/A set is still perfectly nested in 046-No — a cleaner and precedent-backed alternative to the REW_BEN_038 IP tick, which contradicts the N/A set.","IP FAMILY: REW_BEN_046 parent of REW_BEN_047 (its N/A=128 differs from 048's 75 — intra-family drift, seed-repair) and 048; related REW264_HLT_GIPREHAB, REW264_HLT_RISKFLEXUP. Presence-authority conflict (REW_BEN_046 vs REW_BEN_038 IP tick disagree on 92 orgs) needs a reconciliation ruling; recommend 046 as THE IP authority given apply_incprot.py precedent."
REW_INC_071,a_conditioning_child,33.2,high,orgs with any bonus scheme = REW_INC_103 != 'None' (n=179); 'Not applicable' (73) leaves graph+n,REW_INC_103,answer != 'None' (some bonus scheme exists),73 child-N/A vs 41 parent-No (INC_103 'None'): overlap 41 — ALL parent-No orgs are inside the N/A set and 0 parent-No orgs gave substantive answers (r3sw5 assert still holds live); 32 N/A-but-parent-Yes remain (bonus-having orgs answering N/A).,r3sw5 (migrate_r3sw5_preaudit_bundle.py Part B) already did DATA-level clawback conditioning — bonus-less orgs were flipped to 'Not applicable' with a hard assert of zero clawback-Yes without a bonus scheme; this sweep adds the missing graph/denominator treatment on the same parent.,NOT already_conditioned in this sweep's sense — N/A still sits on the graph at 33%. The 32 bonus-having N/A orgs are the seed-repair: likely 'No' in substance (or LTI-only readings); needs a flip-or-keep ruling before base goes live. Bonus family with REW_INC_069/REW263_INC_DEFERRAL.
REW_PAY_019,a_conditioning_child,30.5,medium,orgs paying any allowance = REW_PAY_016 any tick except 'None' (n=215; parent-No side is currently EMPTY),REW_PAY_016,any tick except 'None' on 'Which allowances or premiums are currently paid?' (active successor of retired ALLOW_01; parent-No = 'None' tick),67 N/A vs 0 REW_PAY_016='None' orgs: overlap 0 — every one of the 67 N/A orgs ticks at least one allowance on 016 (215/215 answerers tick something),"N/A means 'no allowances to consolidate' and REW_PAY_016 is the semantically exact allowances presence authority, but its parent-No set is empty — class (a) on semantics with the whole 67-org N/A set flagged as seed mess","suspect N/A↔'Never' conflation ('Never' has only 3 answers vs 67 N/A — many N/As likely mean never-consolidated); allowances family: REW_PAY_016 authority, children REW_PAY_017/018/019/021 + ALLOW_02-04; until reseeded, conditioning on 016 is a no-op and behaves like re-percentage"
REW265_GOV_AIDISCLOSE,a_conditioning_child,28.6,high,orgs using AI in pay decisions = REW262_GOV_AIINPAY not 'No AI use' (n=88),REW262_GOV_AIINPAY,REW262_GOV_AIINPAY != 'No AI use' (org uses AI in pay decisions),"63 child-N/A vs 132 parent-'No AI use'; overlap only 36; 27 N/A-but-parent-uses-AI; 96 parent-No-but-substantive (No-AI orgs answering disclosure Yes/No/on-request). Sets very messy - substantial seed repair, but parent is definitionally right.",The N/A label literally names the parent condition ('no AI use in pay decisions') and the bank holds the exact gate question. Cleanest possible (a).,AI-governance family (REW262_GOV_AIINPAY parent). The 96 parent-No substantive answers are the single worst parent-side incoherence in this batch - flag for seed-repair queue.
REW263_INC_POOLFUND,a_conditioning_child,28.2,medium,orgs with a bonus scheme = REW_INC_103 not 'None' (n=179),REW_INC_103,REW_INC_103 != 'None' (a bonus scheme exists),62 child-N/A vs 41 scheme-None (all answered child); overlap 15; 47 N/A-but-scheme-Yes; 26 scheme-None-but-substantive. The N/A is conflating 'no scheme' (15) with 'scheme but no formal pool' (47).,"Pool funding basis presupposes a bonus scheme; REW_INC_103's 'None' side is the bank's scheme-exists authority. Parent semantically right, so (a) despite messy sets.","47 scheme-Yes N/A orgs likely mean 'no formal pool / fully discretionary' - that is a substantive stance; consider adding an on-graph 'No formal pool' option in redesign, else these orgs vanish from the conditioned base with no answer. Bonus family: REW_INC_103 parent of POOLFUND, REW_INC_104, REW_INC_060/061."
REW_BEN_HOL_006,a_conditioning_child,23,high,orgs where employees can buy leave = HOL_003 buy-side (n=110),REW_BEN_HOL_003,"REW_BEN_HOL_003 in ('Yes - both buy and sell options are available','Yes - buy only') (leave-buy available)",50 child-N/A vs 107 buy-No orgs who answered child; overlap 49 - only 1 N/A-but-buy-Yes org. N/A side near-perfectly coherent; the mess is 58 buy-No orgs giving substantive max-buy-days answers (seed repair).,Max-buyable-days only applies where a buy scheme exists; REW_BEN_HOL_003's buy-side is a clean exists-gate in the bank.,Don't know present on both parent and child (blanket-DK diff). Cleanest N/A-side coherence in batch (49/50).
REW_PAY_097,a_conditioning_child,20.5,medium,orgs using performance ratings = PERF_03 Yes-side (n=170; treatment of 19 PERF_03 DKs needs the blanket-DK ruling),PERF_03,PERF_03 != 'No – rating-less approach' — org uses performance ratings (Yes-all 46 + Yes-some 124 = 170; parent-No = 31 rating-less),"45 097-N/A vs 31 PERF_03 rating-less: overlap only 5. N/A composition measured org-by-org: 22 'ratings for some populations', 13 'ratings for all', 5 rating-less, 5 PERF_03-DK — 35/45 N/A orgs DO use ratings. 26 rating-less orgs answered differentiation substantively.","Differentiation-by-rating is definitionally impossible without ratings — PERF_03 is the semantically necessary gate and exists cleanly in the bank. Sets are very messy (see check), which per the sweep rule stays (a) with the mess logged as seed repair; note the live N/A answers mostly encode something else (likely 'no structured increase cycle'), so David may rule this down to (b).",PERF_03 DK (19) co-option — queued blanket-DK. Sibling REW263_PAY_MERITMATRIX shares the identical implicit gate — condition together. Ambiguity flag: 097's N/A may conflate 'no ratings' with 'no pay-increase cycle' (cf. PROP_8e0b6316's 9 no-pay-review orgs).
REW_INC_065,a_conditioning_child,18.2,medium,orgs with a bonus scheme = REW_INC_103 != 'None' (n=179),REW_INC_103,value != 'None' ('What proportion of employees are eligible for a bonus scheme?' — 'None' 41 is the only bonus-exists signal in the bank; no explicit yes/no gate exists),40 N/A vs 41 103='None': overlap only 12 (28 N/A-but-103-has-bonus; 29 None-but-065-substantive); 25 of the 40 N/A orgs and 27 of the 41 'None' orgs also answered REW_INC_060 bonus measures substantively,Gatekeeper-metric question only applies where a bonus/incentive scheme exists; REW_INC_103's 'None' is the semantically right presence gate (counts match 40≈41) though the live sets are scrambled — seed-repair,bonus family: REW_INC_103 presence proxy; children REW_INC_060/061/104/065 + REW263_INC_POOLFUND/REW263_INC_DEFERRAL; consider adding an explicit bonus-exists yes/no gate — 'None' on a proportion question is a thin authority
REW264_INC_EMICSOP,a_conditioning_child,12.7,medium,orgs with share capital = SHAREPLAN not 'Not applicable (no shares)' (n=181 of 220),REW264_INC_SHAREPLAN,REW264_INC_SHAREPLAN != 'Not applicable (no shares)' (org has share capital),"28 EMICSOP-N/A vs 39 SHAREPLAN-'no shares'; overlap 12; 16 N/A-but-SHAREPLAN-non-NA; 27 no-shares-but-EMICSOP-substantive. Corroboration: the 28 N/A orgs are Charity 6, Mutual/Co-op 4, Public Sector Body 5, NULL ownership 13 - structurally shareless, semantics right even where sets disagree.","'No share capital' is the same latent scope fact the sibling SHAREPLAN already encodes as its non-N/A side ('the non-Not-offered side of another metric' pattern); 'Neither' stays on graph as the substantive could-but-doesn't answer. No dedicated has-share-capital exists-question is in the bank, so the shared SHAREPLAN gate is the best available parent.","Share-plan family: SHAREPLAN parent of SIPELEM/SHAREPART; EMICSOP shares the latent no-share-capital gate. The two N/A sets (28 vs 39, overlap 12) need reconciliation - seed repair. orgs.ownership_type could seed a dedicated share-capital gate (caveat: 63 orgs NULL ownership). MULTI_FACTOR_LATENT_SPEC territory."
REW264_PEN_SALSACIMPACT,a_conditioning_child,10.5,high,orgs with pension salary sacrifice = WEL_BMAP tick 'Salary Sacrifice for Pension Contributions' (n=120 of 213 answerers),WEL_BMAP_FIN_SALARY_SACRIFICE_001,WEL_BMAP_FIN_SALARY_SACRIFICE_001 includes tick 'Salary Sacrifice for Pension Contributions',23 child-N/A: vs WEL_BMAP no-pension-tick overlap 20/23 (only 3 N/A-but-tick-Yes; 73 no-tick-but-substantive). Rejected alternatives: REW26_BEN_SALSAC='No' overlap 15/23 ('by default' wording wrongly gates out offer-but-not-default orgs); REW_BEN_102='Not offered' overlap 6/23.,NIC-cap impact assessment only applies where pension sal-sac operates; the WEL_BMAP multi-select tick is the exact presence authority (established parent type per r3sw6/r3sw8) and measured the most coherent of three candidates.,Sal-sac family: SALSACIMPACT-N/A and SALSACRESPONSE-N/A are the IDENTICAL 23 orgs - gate both with the same parent. Internal contradiction: REW264_PEN_NICSHARING has 'No sal-sac scheme'=89 orgs (all 23 inside it) - 89 vs 23 no-scheme claims is seed-repair work; NICSHARING's option is itself a next-sweep N/A candidate.
REW264_PEN_SALSACRESPONSE,a_conditioning_child,10.5,medium,orgs with pension sal-sac = WEL_BMAP_FIN_SALARY_SACRIFICE_001 tick 'Salary Sacrifice for Pension Contributions' (n=120 of 213 answerers) — WEL_BMAP multi-select is the prompt-recognised presence authority,WEL_BMAP_FIN_SALARY_SACRIFICE_001,tick 'Salary Sacrifice for Pension Contributions',"23 N/A: vs WEL_BMAP no-pension-tick (93): overlap 20, 3 N/A-but-tick-Yes, 73 no-tick-but-substantive; N/A set is IDENTICAL to REW264_PEN_SALSACIMPACT's N/A (23==23, set-equal); vs NICSHARING 'No sal-sac scheme' (89): all 23 contained, 66 no-scheme-but-substantive; vs REW_BEN_102 'Not offered' (43): overlap only 6","A response to the 2029 pension sal-sac cap only applies where a pension sal-sac scheme exists. The bank has four presence signals (WEL_BMAP tick, REW26_BEN_SALSAC 'by default', REW_BEN_102 participation, REW264_PEN_NICSHARING 'No sal-sac scheme') — the WEL_BMAP tick is the cleanest exists-semantics and coheres best with the N/A set.",SAL-SAC FAMILY: REW264_PEN_SALSACIMPACT (identical N/A set — same ruling should cover both) / NICSHARING / REW26_BEN_SALSAC / REW_BEN_102 / REW264_BEN_EVSALSAC. The four presence authorities disagree wildly (43 vs 89 vs 93 not-offered orgs) — presence-authority reconciliation is prerequisite seed-repair before conditioning is enforceable.
REW_INC_136,a_conditioning_child,9.5,high,orgs operating commission plans = REW_INC_135='Yes' (n=36),REW_INC_135,value = 'Yes' (explicit Yes/No commission-exists gate; Yes 36 / No 184),"21 N/A: 19 are 135-No, 2 are 135-Yes-but-N/A; BUT 165 of the 184 135-No orgs answered 136 with substantive commission structures (136 seeded to all 220 while only 36 tick Yes)","Textbook conditioning child of REW_INC_135; N/A direction is fine, the 165 parent-No substantive answers are the largest presence contradiction in this batch — seed-repair before conditioning",commission family (135 parent; 136 + REW265_INC_COMMCAP children); implied presence 199/220 here vs 36/220 on the parent vs 123/220 on COMMCAP
REW264_PEN_AEDEFAULT,a_conditioning_child,8.2,medium,"orgs with a DC scheme = REW26_BEN_PENSION_TYPE in (DC, Hybrid) (n=199)",REW26_BEN_PENSION_TYPE,"value in ('DC','Hybrid') = has a DC scheme (parent-No = 'DB', n=21)",18 'Not applicable (no DC scheme)' vs 21 PENSION_TYPE='DB': overlap 1 (17 N/A-but-DC/Hybrid; 20 DB-but-substantive); sibling REW264_PEN_GREENDEFAULT's 18 'no DC default fund' N/As overlap this 18-set by only 2,'No DC scheme' has an exact parent definition in the bank (pension-type authority); sets are a shambles but the parent is semantically right — class (a) with seed-repair noted,DC family: REW264_PEN_AEDEFAULT + REW264_PEN_GREENDEFAULT should share the same DC-exists gate yet their own N/A sets overlap 2/18 — three-way incoherence (AEDEFAULT vs GREENDEFAULT vs PENSION_TYPE) to reseed
REW264_PEN_GREENDEFAULT,a_conditioning_child,8.2,medium,orgs with a DC arrangement = REW26_BEN_PENSION_TYPE DC or Hybrid (n=199 of 220),REW26_BEN_PENSION_TYPE,"REW26_BEN_PENSION_TYPE in ('DC','Hybrid') — i.e. operates a DC default fund; parent-No = 'DB' (21 orgs)","18 GREENDEFAULT-N/A vs 21 PENSION_TYPE='DB': overlap only 2; 16 orgs N/A-but-DC, 19 DB orgs answered a default-fund stance. Sibling REW264_PEN_AEDEFAULT N/A (also 18, same 'no DC' semantics) overlaps GREENDEFAULT-N/A at only 2 — the two siblings' N/A sets are near-disjoint despite identical meaning.","'Not applicable (no DC default fund)' is a clean parent-exists skip and the bank HAS the gate: scheme type. No 'no pension' option exists (auto-enrolment), so DB-only is the entire parent-No side — semantically exact.","Pension-DC family: REW26_BEN_PENSION_TYPE parent of REW264_PEN_AEDEFAULT / REW264_PEN_GREENDEFAULT (and likely CONTRIBTIER/AUTOESC). Sets are MESSY (2/18 vs parent, 2/18 between siblings) — classic seed-repair work; parent is semantically right so (a) stands. 'Unsure' (14) is a DK-type co-option — queued blanket-DK, stays out of this sweep."
REW_PAY_017,a_conditioning_child,7.7,medium,orgs paying on-call-family allowances = REW_PAY_016 any of the 3 ticks (n=122; 'On-call allowance' alone = 71),REW_PAY_016,"REW_PAY_016 includes any of ticks 'On-call allowance', 'Standby allowance', 'Call-out allowance'",17 child-N/A vs 93 no-on-call-tick orgs who answered child; overlap 6; 11 N/A-but-tick-Yes; 87 no-tick-but-substantive - messy on both sides (203 substantive answers vs 122 tick-any orgs).,Payment basis for on-call allowances only applies where on-call arrangements are paid; REW_PAY_016 is the allowances-presence multi-select. The 3-tick family definition matches the child's option set ('Per call-out' folds call-out allowances in).,Gate-definition choice needed at build: 'On-call allowance' tick alone (71) vs 3-tick family (122) - proposed the family since child options span per-call-out. Heavy seed repair either way.
REW_BEN_100,a_conditioning_child,7.3,high,orgs offering PMI = REW_BEN_038 tick 'Private Medical Insurance (PMI)' (n=130),REW_BEN_038,tick 'Private Medical Insurance (PMI)' — the established PMI presence authority (r3sw6/r3sw8 precedent; n=130),16 'Not offered' vs 90 non-PMI-tick orgs: overlap 5; 11 Not-offered-but-tick; 85 non-tick-but-substantive. Sibling REW_BEN_044's 82 'Not offered' overlap the 90 non-tick by only 40,"PMI eligibility-proportion is a child of PMI presence; REW_BEN_038 tick is the ruled authority per r3sw6/r3sw8, so class (a) despite messy sets (85 non-tick orgs currently give eligibility proportions — seed-repair)",PMI family: REW_BEN_038 authority; REW_BEN_044/REW_BEN_100/REW263_BEN_PMIEXCESS children. Oddity: 'Not offered' on REW_BEN_100 carries NO is_na flag in options_json today (unlike every sibling in this batch)
REW_INC_104,a_conditioning_child,6.8,medium,orgs with a bonus scheme = REW_INC_103 not 'None' (n=179),REW_INC_103,REW_INC_103 != 'None' (a bonus scheme exists),15 child-N/A vs 41 scheme-None (all answered child); overlap just 1; 14 N/A-but-scheme-Yes; 40 scheme-None orgs reported a substantive payout percentage - major seed incoherence on both sides.,"Average payout vs maximum presupposes a bonus scheme; REW_INC_103's 'None' side is the scheme-exists gate. Parent semantically right, so (a) despite the worst set coherence in the batch.",The 14 scheme-Yes N/A orgs likely mean 'no defined maximum' (uncapped/discretionary) - a substantive state the option set can't express; consider an explicit option at redesign. The 40 no-scheme orgs with payout figures are priority seed repair. Bonus family with REW263_INC_POOLFUND (same parent).
EXT_REW_GAP_005,a_conditioning_child,4.2,high,orgs operating a long service award scheme = EXT_REW_GAP_004 'Yes' (n=150),EXT_REW_GAP_004,EXT_REW_GAP_004 = 'Yes' (operates a long service award scheme),"5 child-N/A vs 48 parent-No; overlap only 2; 3 N/A-but-parent-Yes. Worse: 25 of 114 substantive milestone answerers are parent-No orgs (parent Yes=150, child n=119) - seed repair needed on the parent-No side.",Milestones question only applies where a long service scheme exists; the bank has the exact Yes/No exists-gate (EXT_REW_GAP_004). N/A leaves graph+n; distribution renders over scheme-operating orgs.,"Don't know option present (queued blanket-DK diff, not this sweep). Long-service family: EXT_REW_GAP_004 parent of GAP_005 and GAP_007 (GAP_006 retired) - GAP_007 should take the same gate."
REW_INC_132,a_conditioning_child,4.1,high,orgs operating LTI plans = REW_INC_131 = 'Yes' (n=65),REW_INC_131,= 'Yes' (operates long-term incentive or equity plans),9 N/A vs 155 REW_INC_131='No': overlap 7; 2 N/A-but-parent-Yes; 148 parent-No orgs answered LTIP types substantively — either 132's seeds ignore the gate or 131's No-share (70%) is wrong; biggest seed-repair item in this batch,"REW_INC_131 is an explicit Yes/No exists-question directly gating 'which types of LTIP are offered' — the cleanest parent in the batch. The live sets are catastrophically incoherent (211 orgs give LTIP types while only 65 say Yes to operating any) — that is seed damage, not classification doubt.",LTIP FAMILY: REW_INC_131 parent of REW_INC_132 and REW_INC_133 (eligibility matrix); related REW263_INC_DEFERRAL. Conditioning to n=65 removes ~146 substantive answers as-is — parent/child reseed reconciliation is prerequisite before the base can be enforced.
REW_INC_070,a_conditioning_child,2.3,high,orgs with a bonus scheme = REW_INC_103 != 'None' (n=179 of 220),REW_INC_103,"REW_INC_103 != 'None' — bonus-exists authority, the SAME parent r3sw5 used to condition sibling REW_INC_071 clawback","5 070-N/A orgs vs 41 INC_103='None' orgs: overlap only 2; 39 bonus-less orgs answered malus substantively (vacuous — the exact pattern r3sw5 repaired on 071) and 3 orgs are N/A despite having a bonus. Reference sibling post-fix: 071-N/A (73) fully contains all 41 bonus-less orgs, 0 strays.",Malus provisions presuppose a bonus/incentive scheme; the bank's ruled bonus-exists gate is INC_103!='None' (r3sw5 PART B precedent on 071). 070 was left out of that fix and shows the identical vacuous-answer pattern.,"Bonus-governance family: REW_INC_065 gatekeeper / REW_INC_070 malus / REW_INC_071 clawback (conditioned r3sw5) / REW_INC_104 payout / REW263_INC_DEFERRAL / REW263_INC_POOLFUND all share the INC_103 gate. Seed repair: mirror the r3sw5 UNIFORM/33 treatment onto 070's 39 vacuous answers, then add a 070-subset guard to coherence_pairs like 071's."
REW_INC_060,a_conditioning_child,1.2,medium,orgs with a bonus scheme = REW_INC_103 != 'None' (n=179 of 220),REW_INC_103,!= 'None' (some population eligible for a bonus scheme),"2 N/A vs 41 REW_INC_103='None': overlap 1; 1 N/A-but-parent-Yes; of the 41 'None' orgs, 14 never answered INC_060, 26 answered substantively (mess), 1 N/A",'Measures used in your main bonus scheme' presupposes a scheme; the non-'None' side of REW_INC_103 (bonus eligibility) is the bank's exists-gate. Tiny N/A (2 orgs) and a partially gated answer base (164/220) suggest seed-level conditioning already half-applied.,"BONUS FAMILY: REW_INC_103 gate would also serve REW_INC_061/069/104/111, REW263_INC_DEFERRAL/POOLFUND, REW265_INC_BONUSDISC/BONUSTIME — group the ruling. 26 no-scheme orgs carrying substantive measure ticks = seed repair. Multi-select: re-percentage semantics differ (prevalence view, Option B precedent)."
REW264_HLT_FERTROUTE,b_repercentage,90,medium,answerers minus N/A: n 220 -> 22 (suppression-floor watch),,,22 non-N/A (funders) vs 30 REW_BEN_038 fertility-tickers: overlap only 4; 18 funders lack the 038 tick (incoherent — repair side); 26 tickers are N/A on FERTROUTE (defensible: offered-but-not-funded). 198 N/A vs 190 no-tick: overlap 172.,"Gate semantics are 'fertility support FUNDED'; the nearest bank parent — REW_BEN_038 tick 'Fertility/family-forming support' — measures the broader 'offered' (support can be non-funded leave/guidance), and live sets contradict it so hard that conditioning on the tick would EXCLUDE 18 of the 22 actual funders from their own metric. Re-percentage over the 22 funders is the only honest base today.","Fertility family: REW_BEN_038 FERTILITY_FAMILY_FORMING_SUPPORT tick, REW263_TIME_IVF ('None'=209 — substantive zero, not N/A), REW263_TIME_FERTLEAVE (N/A 51), REW264_HLT_FERTROUTE. Seed repair: 18 funders-without-tick should either gain the 038 tick or lose the funding answer; after repair this becomes an (a) candidate on the 038 tick. Residual n=22 near suppression floor."
REW263_GOV_UMBRELLA,b_repercentage,37.7,high,answerers minus N/A: n 220 -> 137,,,"83 N/A orgs; overlap with the shift-family N/A 37-set is only 14 — a distinct contingent-labour population, so borrowing the shift gate would be wrong. No umbrella/agency exists-question in the bank (3 hits, all practice metrics).","N/A = 'we don't use umbrella/agency workers' — genuine doesn't-apply, but no clean usage gate exists. ATT_HIR_AGENCY_RATE_01 (agency usage rate) is a numeric matrix answered by 214 orgs, not a presence gate; deriving a gate from rate==0 would be a new mechanism, not an existing parent.",Candidate future gate: derive agency-usage presence from ATT_HIR_AGENCY_RATE_01 or add an exists-question; REW265_PAY_AGENCYPAR shares the same implicit gate (same family).
REW_BEN_REM_PAY_001,b_repercentage,36.1,medium,answerers minus N/A: drop 'Not applicable' (61) -> n=108 of 169 (module-gated base; 'Treatment varies by role or case' (34) and DK (14) stay for now),,,"61 N/A orgs; all 61 also answered the remote-conditional EXT_REW_GAP_009 (uninformative — 217/221 orgs answered it, it lacks a no-remote side to pair against). No measurable parent-No set exists","N/A means 'office-to-remote moves don't happen here', but no remote-working presence gate exists in the bank: EXT_REW_GAP_009/010 are themselves remote-conditional children without N/A options, and the hybrid-policy question PROP_1165a15a is status=proposed, not active.",'Treatment varies by role or case' (34) is a varies-type option — STAYS on graph. DK co-option: 'Don't know' (14) -> blanket-DK diff. REM-PAY FAMILY: REW_BEN_REM_PAY_001..005 likely share the latent no-remote cohort — rule as a family; a future remote/hybrid presence question converts them to (a).
REW265_BEN_ENHANCEDVR,b_repercentage,35.5,medium,answerers minus N/A: drop 'Not applicable (VR not used)' (78); re-percentage over 142 VR-using orgs (94 'Same as compulsory terms' + 48 'Yes — enhanced'),,,78 N/A orgs measured live; full redundancy-family question sweep found no 'do you use voluntary redundancy' gate; RED_COST_01 has no N/A side to cross-check against (all 188 answers substantive cost bands).,"'VR not used' is presence-absence (the org runs no voluntary redundancy practice), not a terms stance — the no-enhancement stance is already carried by 'Same as compulsory terms'; no VR-usage gate exists anywhere in the redundancy family (RED_TERM/RED_PROC/RED_NOTICE/RED_COST/CONT_04/05 all searched).",Borderline with (c): 'VR not used' is a real policy fact and its 35% prevalence is lost from all surfaces once off-graph — flag for ruling; candidate new VR-usage gate metric would upgrade to (a). Redundancy family grouping with RED_TERM_03 (this batch).
REW265_PAY_EARLYCAREER,b_repercentage,25.5,high,answerers minus N/A: drop 'Not applicable (no apprentices or graduates)' (56) -> n=164 of 220,,,56 N/A orgs measured; no candidate parent question exists in the bank to pair against (search of active questions returned none),"N/A genuinely means the org employs no apprentices/graduates, but the bank has no early-career workforce presence gate (searched apprentice/graduate/early career/intern — only the retired REW_PAY_HOURLY_MIN even mentions apprentices).","A future 'do you employ apprentices/graduates' presence question would convert this to (a) cleanly — 25.5% N/A is a large re-percentage swing, worth noting in the ruling."
REW263_TIME_FERTLEAVE,b_repercentage,23.2,medium,answerers minus N/A (drop 51 'Not applicable'; re-percentage over 169 answerers),,,"Tested REW_BEN_038 FERTILITY_FAMILY_FORMING_SUPPORT as gate and rejected: 42/51 N/A orgs lack the tick, but so do 148 of the substantive answerers (only 30 ticks bank-wide) - the tick separates nothing.","The question is itself the exists-question with 'No' on the graph, so N/A has no parent semantics - every org could provide fertility leave. The only candidate gate, REW_BEN_038 tick 'Fertility/family-forming support', is a different concept (support benefit, not dedicated leave) and measured incoherent, so no clean parent exists: drop N/A and re-percentage.",N/A semantically duplicates 'No' (128 No vs 51 N/A) - likely member confusion; option-retirement candidate at redesign. Time-off/family group.
REW263_REC_CURRENCY,b_repercentage,20.5,medium,answerers minus N/A: drop 'Not applicable' (45); re-percentage over 175 recognition-scheme orgs,,,Negative control: 45 child-N/A vs REW263_REC_PEER 'No' (110): overlap only 23 — confirms peer-to-peer is not the right gate. No presence question found in bank-wide search.,"N/A means 'no recognition scheme' but no general recognition-presence gate exists: REW263_REC_PEER gates only peer-to-peer programmes, EXT_REW_GAP_001's 'No dedicated recognition budget' is a budget fact not scheme presence, and REW_BEN_038 has no recognition tick.","'Mixed' (44) is substantive and STAYS on graph. Recognition family lacks a presence parent: REC_CURRENCY, REC_PEER, REC_MGRBUDGET, REC_IMPACT, EXT_REW_GAP_001–003 — candidate new gate metric would upgrade this row to (a)."
REW_BEN_102,b_repercentage,19.5,medium,answerers minus 'Not offered': n 220 -> 177,,,43 'Not offered' vs WEL_BMAP 'None of the above' 43: overlap only 6. Vs REW264_PEN_NICSHARING 'No sal-sac scheme' 89: overlap 29. Vs REW264_PEN_SALSACIMPACT N/A 23: overlap 6.,"'Not offered' = no salary-sacrifice arrangements — genuine doesn't-apply, but NO clean general-sal-sac presence gate exists: REW_BEN_038 carries only car/technology sal-sac ticks, REW26_BEN_SALSAC is pension-by-default only, WEL_BMAP_FIN_SALARY_SACRIFICE_001 covers just childcare/cycle/pension. Every candidate measured incoherent, none semantically covers 102's any-arrangement scope.","Sal-sac family: WEL_BMAP_FIN_SALARY_SACRIFICE_001, REW26_BEN_SALSAC, REW264_PEN_SALSACIMPACT/SALSACRESPONSE (N/A 23) vs NICSHARING ('No sal-sac scheme' 89) — the family's own no-sal-sac sets contradict each other 23 vs 89 with weak overlaps; candidate future composite gate + seed repair. BMAP has a DK option (is_na=true) — queued blanket-DK."
REW264_INC_SHAREPLAN,b_repercentage,17.7,high,answerers minus N/A: drop 'Not applicable (no shares)' (39) -> n=181 of 220; 'Neither' (138) stays on graph as the substantive no,,,"39 N/A orgs by ownership_type: 7 Charity/Non-profit, 5 Mutual/Co-op, 6 Public Sector Body, 21 NULL — 18 of the 18 classified ones are share-incapable forms; the 21 NULL rows are a firmographic gap, not a contradiction","'No shares' is a corporate-form fact (charities, mutuals, public bodies cannot operate SAYE/SIP) — real doesn't-apply, but no share-capital/corporate-form metric exists in the bank; orgs.ownership_type is a firmographic column, not a question, so no (a) gate is available.","SHARE-PLAN FAMILY: this metric is itself the PARENT of REW265_INC_SHAREPART — measured PERFECT coherence (SHAREPART N/A set (177) == SHAREPLAN 'Neither'+'N/A' set (177), 0 violations both ways); prompt's SIPELEM/SAYEDISC ids not present in this bank. If a corporate-form gate is ever wanted, ownership_type could seed one (21 NULL rows need backfill first). Related: REW265_INC_EOT."
REW_FAI_STUDY_TIME_93b6ef22,b_repercentage,17,medium,answerers minus N/A: drop 'Not applicable' (35); re-percentage over 171 orgs (No 51 / limited 62 / paid leave 58 — all stay),,,"Family N/As don't even agree with each other: STUDY_TIME N/A=35 vs CAP_SKL_QUAL_LVL N/A=14, overlap 3; vs CAP_ENA_QUAL_ELIG N/A=17, overlap 1 — confirms no latent common gate is being expressed.","N/A means 'we don't fund qualifications' but NO funding-presence gate exists: the whole funded-qualification family (CAP_ENA_QUAL_ELIG, CAP_SKL_QUAL_LVL, PRO_GOV_QUAL_CLAW, PRO_GOV_QUAL_CLAW_DUR, this metric) carries per-child N/A options with no shared parent.","Funded-qualification family (5 metrics) is the strongest candidate in this batch for a NEW presence-gate metric — would upgrade all five to (a) and repair the mutually incoherent N/A sets. REW_BEN_FAM_009 (paid study/exam leave) is adjacent but is provision, not funding presence."
REW262_PAY_CANCELLEDSHIFT,b_repercentage,16.8,high,answerers minus N/A: drop 'Not applicable' (37) -> n=183 of 220,,,"37 N/A orgs are EXACTLY the same set as REW262_PAY_SHIFTNOTICE N/A (37, set-equal) and REW263_PAY_SHIFTRIGHTS N/A (37, set-equal) — a perfectly coherent latent 'no shift workers' cohort with no bank gate","N/A cleanly means 'no shift/casual workers' but the bank has NO shift-worker or hourly-workforce presence gate (searched shift/hourly/zero-hours/workforce; REW_FAI_CANCEL_1bbcc629 is a near-duplicate practice question, not a gate). The latent parent is real — the N/A cohort is set-identical across the whole shift family — it just is not in the bank.","SHIFT FAMILY: REW262_PAY_CANCELLEDSHIFT / REW262_PAY_SHIFTNOTICE / REW263_PAY_SHIFTRIGHTS share the identical 37-org N/A set — one ruling covers all three, and a future shift-worker presence question would convert the family to (a) with zero seed repair. Near-duplicate REW_FAI_CANCEL_1bbcc629 (n=219, no N/A option) overlaps this metric's content."
REW262_PAY_SHIFTNOTICE,b_repercentage,16.8,high,answerers minus N/A: n 220 -> 183,,,"N/A sets IDENTICAL across the trio: SHIFTNOTICE (37) == CANCELLEDSHIFT (37) == SHIFTRIGHTS (37), set equality verified. GUARANTEEDHRS/GUARHRSAVG N/A (30, also identical pair) overlap the 37-set at 26 — 4 guaranteed-hours-N/A orgs are not shift-N/A.","N/A genuinely means 'no shift/variable-hours workforce' but NO exists-gate is in the bank (searched shift/zero-hours/variable-hours: only practice questions). Drop from graph and denominator, re-percentage over the 183 shift-running orgs.",ERA-2025 shift family: REW262_PAY_GUARANTEEDHRS / REW262_PAY_CANCELLEDSHIFT / REW262_PAY_SHIFTNOTICE / REW263_PAY_SHIFTRIGHTS / REW263_PAY_GUARHRSAVG share one implicit 'employs shift/variable-hours workers' gate — strong candidate for a new parent metric (would convert all five to class a). Config inconsistency: SHIFTNOTICE na_handling_json carries na_codes ['NOT_APPLICABLE'] while SHIFTRIGHTS/GUARHRSAVG carry [].
REW263_PAY_SHIFTRIGHTS,b_repercentage,16.8,high,answerers minus N/A: n 220 -> 183,,,"SHIFTRIGHTS N/A set (37) verified IDENTICAL to SHIFTNOTICE and CANCELLEDSHIFT N/A sets (set equality, not just count); GUARHRSAVG N/A (30) overlaps at 26.",Same missing 'employs shift/variable-hours workers' gate as REW262_PAY_SHIFTNOTICE — genuine doesn't-apply with no parent in bank; re-percentage over 183.,"Same ERA-2025 shift family as SHIFTNOTICE (5 metrics, one implicit gate — new-gate candidate). Content note: SHIFTRIGHTS is a composite restatement of CANCELLEDSHIFT + SHIFTNOTICE (notice/cancellation-pay/both) — dedup candidate. Its na_handling na_codes is [] while sibling SHIFTNOTICE has ['NOT_APPLICABLE']."
REW_PRO_030,b_repercentage,16.4,medium,answerers minus N/A (n=184 of 220),,none clean — GRO_CP_01 (career pathways) and PAYTR_03_db0108d6 (formal pay-progression policy) are adjacent but neither is an exists-gate for 'progression eligibility' (PROP_227d12c1 career framework is status=proposed),"36 N/A vs 90 GRO_CP_01 in ('No','In development'): overlap only 13 — measured and rejected as a parent (semantically about pathway clarity, not eligibility existence)","N/A = no formal progression-eligibility mechanism, a genuine doesn't-apply with no clean parent in the bank; drop from graph+n and re-percentage over answerers","nearest neighbours GRO_CP_01 / PAYTR_03_db0108d6 tested and rejected (13/36); if the progression family grows, add an explicit framework-exists gate"
REW_PAY_011,b_repercentage,15.5,high,answerers minus N/A: n 220 -> 186,,,"34 N/A orgs; overlap with the shift-family N/A set (37) is only 9 — a distinct population, so the shift gate can't be borrowed. No hourly-workforce exists-question found (overtime search returns only practice metrics).","N/A = 'no overtime-eligible (hourly/non-exempt) workforce' — the metric genuinely doesn't apply; no workforce-composition exists gate is in the bank. 'No' (48) remains the substantive negative (eligible staff exist, overtime unpaid), so N/A leaves graph and denominator.","Overtime family: REW_PAY_011 'Yes' (138) is itself the natural PARENT for REW_Q528801 (overtime multiplier matrix), OT_03_1a68c68a (TOIL) and OT_04_b14623a6 (shift premiums) — when those are swept, gate them on 011='Yes' rather than re-percentaging."
REW262_PAY_GUARANTEEDHRS,b_repercentage,13.6,high,answerers minus N/A (n=190 of 220),,"none — no 'has variable/zero-hours workers' gate in the bank (PROP_94199ca7 contingent-% is status=proposed; REW_FAI_MIN_HOURS_8518a543 is a substantive metric n=210, not a gate)","Its 30-org N/A set is identical 30/30 to REW263_PAY_GUARHRSAVG's; overlaps 26/30 with the 37-org N/A set shared identically (37/37/37) by REW262_PAY_CANCELLEDSHIFT, REW262_PAY_SHIFTNOTICE and REW263_PAY_SHIFTRIGHTS","N/A = no variable-hours workforce, a genuine doesn't-apply, but the bank holds no workforce-composition parent; re-percentage over answerers","zero-/variable-hours family of 5 (GUARANTEEDHRS, CANCELLEDSHIFT, SHIFTNOTICE, SHIFTRIGHTS, GUARHRSAVG) with two internally-identical N/A sets (30 and 37, 26 shared) — a latent gate worth adding to the bank; GUARANTEEDHRS ≈ GUARHRSAVG near-duplicates"
REW263_PAY_GUARHRSAVG,b_repercentage,13.6,high,answerers minus N/A (n=190 of 220),,none — same gap as REW262_PAY_GUARANTEEDHRS: no zero-/low-hours workforce gate in the bank,"30-org N/A set identical 30/30 to REW262_PAY_GUARANTEEDHRS's; 26/30 inside the 37-org N/A set shared by the shift-notice trio (CANCELLEDSHIFT/SHIFTNOTICE/SHIFTRIGHTS, mutually 37/37)","N/A = no zero-/low-hours workers, genuine doesn't-apply with no parent metric available; re-percentage over answerers","zero-/variable-hours family (5 metrics, see REW262_PAY_GUARANTEEDHRS row); near-duplicate of REW262_PAY_GUARANTEEDHRS — consider retiring one"
RED_NOTICE_01,b_repercentage,9,medium,answerers minus N/A: drop 'Not applicable / Don't know' (15) from graph+n -> n=152 of 167 (module-gated base; 54 orgs never answered),,,15 orgs on the combined N/A/DK option (measured live); RED_COST_01 options carry no not-applicable side to pair against; 167/221 orgs answered,"Redundancy-notice policy applies to any employer in principle; the N/A reads as 'no redundancy experience to draw on' and no redundancy-occurred gate exists in the bank (RED_COST_01 has no N/A side; RED_PROC_* are universal yes/no). Not the statutory-only pattern — that watch applies to redundancy TERMS, not notice handling.",DK CO-OPTION: single combined 'Not applicable / Don't know' label — coordinate with the queued blanket-DK diff before ruling; same-family precedent: RED_TERM_01's NOT_APPLICABLE_DON_T_KNOW stayed a genuine skip (is_na=true) in server/migrate_red_term_01_na_flag.py. Redundancy family: RED_NOTICE/RED_PAY/RED_TERM/RED_PROC/RED_COST + CONT_04/05. 'Case-by-case / discretionary' (9) is substantive and stays on graph.
REW_PAY_014,b_repercentage,6.8,high,answerers minus N/A: drop 'Not applicable' (15); re-percentage over 205 orgs with bank-holiday-working populations; 'No premium' (39) STAYS as the substantive zero-premium stance,,,15 N/A orgs measured live; full bank-holiday family sweep found no working-pattern gate; nothing suitable in REW_PAY family either.,"N/A = 'nobody works bank holidays here' ('where applicable' is in the question text) — genuine doesn't-apply, but no gate exists: the bank-holiday family (HOL_001/002/008, PAY_014) contains no 'do employees work bank holidays' question.","Guard the 'No premium' (39) / 'Not applicable' (15) distinction in member guidance — post-change, orgs whose staff never work BHs must not be steered to 'No premium'. 'Other' (35) stays (substantive)."
PROP_36b990f9,b_repercentage,6.5,medium,answerers minus N/A (n=203 of 217),,"none clean — REW26_BEN_PENSION_TYPE (DC 195/DB 21/Hybrid 4, all 220 answered) has no 'no pension' side, so no exists-gate is possible; UK auto-enrolment makes one pointless","All 14 'Not applicable / not offered' orgs answered REW26_BEN_PENSION_TYPE substantively (13 DC, 1 DB) — the N/A set is 14/14 contradicted elsewhere, i.e. seed noise, not a real not-offered population",N/A genuinely means 'no pension to describe' but every N/A org claims a scheme on the pension-type authority and no parent gate exists in the bank; drop from graph+n and re-percentage,'Varies widely' is currently is_na=true in options_json — a varies-option co-opted as N/A (same defect class the RED_TERM_01 migration fixed; varies must stay on graph); 'Don't know' option (0 answers) → blanket-DK diff; the 14 contradicted N/As are seed-repair candidates
REW263_TIME_IVF,b_repercentage,4.5,medium,answerers minus N/A: drop 'Not applicable' (10) -> n=210 of 220,,,"10 N/A vs 190 no-fertility-tick orgs (038): overlap 6; 4 N/A-but-tick-Yes; 038 fertility tick = 30 orgs. Contrast sibling REW264_HLT_FERTROUTE: 198 N/A, 172/190 coherent with the no-tick set — that one IS a conditioning child (different batch)","The metric is framed universally ('...do you provide, if any?') with a substantive-zero option 'None' that 209/220 orgs used — conditioning on the REW_BEN_038 fertility tick (30 orgs) would contradict 184 substantive no-tick answers. The N/A adds nothing beyond 'None'; it is a doesn't-apply residue, off graph and out of n.",FERTILITY FAMILY: REW_BEN_038 tick 'Fertility/family-forming support' is the presence authority; REW264_HLT_FERTROUTE (and arguably REW263_TIME_FERTLEAVE) are the true conditioning children. 'None' must stay on graph as the substantive zero.
PROP_11a83d52,b_repercentage,4.2,medium,answerers minus N/A: drop 'Not applicable (no health plan / not permitted)' (9) from graph+n -> n=207 of 216 (DK=8 stays pending blanket-DK diff),,,"9 N/A vs 66 no-health-plan orgs (038 answerers lacking both PMI and Health cash plan ticks): overlap 1; 8 N/A-but-plan-Yes; cross-check vs no-PMI(038) AND REW264_HLT_CASHPLAN='No' (63 orgs): overlap 2, 7 N/A-but-plan-Yes","Compound label: the 'no health plan' leg would gate on REW_BEN_038 health ticks, but live sets contradict it — 8 of 9 N/A orgs HOLD a PMI or health-cash-plan tick, so their N/A must be the 'not permitted' leg (or noise), which has no bank gate. No single clean parent covers both legs.","DK co-option: 'Don't know' (8 answers) -> blanket-DK diff. Weak c-argument for the 'not permitted' leg (jurisdictional scope fact) but thin in a UK-only bank; recommend (b) with a label split if the metric is ever reworded. Health-plan presence family: REW_BEN_038 PMI/HCP ticks, REW264_HLT_CASHPLAN."
REW_Q049530,b_repercentage,2.9,medium,answerers minus 'Not Applicable': n 175 -> 170,,,5 Q049530-N/A vs 4 CAR_BN_02-N/A: overlap 0 — completely disjoint despite identical semantics. Answerer sets also diverge: 175 vs 188 with only 152 common.,"N/A = 'no business-need company car scheme' — genuine doesn't-apply, but the bank has NO business-need-car exists gate: CAR_STATUS_01 covers status/grade cars only, and sibling CAR_BN_02 is a criteria multi-select whose own N/A side (4 orgs) is measurably useless as a gate (zero overlap with this metric's N/A set).","Business-need-car family: CAR_BN_02 + REW_Q049530 share a missing 'BN car offered' parent — candidate new gate (would convert both to (a)); the 0-overlap N/A disjointness is seed-repair evidence. Wider car family: CAR_STATUS_01/03, CAR_COST_02; REW_BEN_038 has no company-car tick to lean on."
REW_PAY_018,b_repercentage,2.7,medium,answerers minus N/A: drop 'Not applicable' (6) -> n=214 of 220,,,"6 N/A vs 17 REW_PAY_017='Not offered / not applicable': overlap 0 (fully disjoint — 6 N/A orgs all gave substantive 017 answers, 17 not-offered orgs all gave substantive 018 answers). Total incoherence within the on-call pair","N/A means 'no call-out/on-call arrangements' but no on-call-exists gate is in the bank; the nearest signal is sibling REW_PAY_017's own co-opted 'Not offered / not applicable' option, which is not a parent and does not even overlap this N/A set.","ON-CALL FAMILY: REW_PAY_017/018 — 017's 'Not offered / not applicable' is its own N/A co-option (another batch); rule the pair together, and the zero-overlap seed contradiction needs repair regardless of ruling."
CAR_BN_02,b_repercentage,2.1,high,answerers minus N/A: drop 'Not applicable (no business need company car)' (4 orgs) from graph+n; multi-select prevalence base becomes 184 of 188,,,All 4 N/A orgs sit inside CAR_STATUS_01 'No' (4/4 overlap vs 138 status-No orgs) but that parent is semantically wrong (status car != business-need car). No semantically-right parent found in questions table.,"N/A means 'we have no business-need company car' — genuine doesn't-apply, but the bank has NO business-need-car presence gate: no CAR_BN_01 exists; CAR_STATUS_01 gates status/grade cars (a different benefit), and REW_BEN_038 has no car tick.",Business-need-car family missing presence parent: sibling REW_Q049530 (mileage eligibility) carries its own 'Not Applicable' is_na option — candidate new gate metric would condition both.
PROP_c1a3da61,b_repercentage,1.4,high,answerers minus N/A: drop 'Not applicable' (3 orgs); 'No' (36) stays on graph as the substantive negative,,,"3 N/A orgs measured live. No relocation parent exists — only sibling PROP_97895482 (global mobility policy) which is 'proposed' status and downstream, not a gate.","This IS the relocation-support presence question itself, so no parent can exist above it; N/A (3 orgs, presumably never relocate hires) genuinely doesn't apply and just leaves graph+n.","""Don't know"" (4) present — leave for queued blanket-DK diff. This question is itself the natural parent for any future relocation-package children."
REW_PAY_EV_KWH_66ef252b,b_repercentage,1.4,high,answerers minus N/A: drop 'Not offered / Not applicable' (3); re-percentage over 213 (DK 8 untouched pending blanket-DK diff; 'Varies' 7 stays),,,"Negative control: 3 N/A orgs vs REW265_BEN_EVCHARGE 'No' (162): overlap 2 — no signal, and the EVCHARGE parent is semantically wrong anyway (162 no-workplace-charging orgs vs 205 substantive home-rate answers here proves independence).","Tiny combined absence option on a rate question with no home-EV-reimbursement presence gate in the bank; REW265_BEN_EVCHARGE gates WORKPLACE charging, a different benefit, so it cannot condition this metric.","'Varies (e.g., by tariff/location)' (7) stays on graph per rule; DK (8) → blanket-DK diff; compound label 'Not offered / Not applicable' merges the two absence phrasings into one code (no split needed)."
PROP_d992b2ea,b_repercentage,1.4,high,answerers minus N/A (drop 3 'Not applicable' orgs; re-percentage over remaining answerers),,,"3 N/A orgs (2 Manufacturing & Engineering, 1 Construction & Infrastructure; one 10,000+ FTE). No candidate parent measured coherent - PROP_34ffb6e2 has no No/absent side to gate on.","'Where applicable' is baked into the question text and 'No' already carries absence-of-a-standard; no grade-structure/promotion-framework exists-gate lives in the bank (PROP_34ffb6e2 governs governance style, not existence). N/A = doesn't apply, no clean parent - drop and re-percentage.","Don't know present (6, blanket-DK diff). 'Yes - varies by job family/level' is a varies-option - stays on graph."
REW_BEN_HOL_002,b_repercentage,0,high,no change to graph or n today — 'Not applicable' has ZERO answers (0 of 180); rule application is a no-op; strip the vestigial option at next option redesign,,,Live count: SELECT COUNT(*) answers WHERE value='Not applicable' → 0 (180 answerers). No parent exists or is needed.,"UK bank-holiday treatment applies to every org on the platform, so the is_na 'Not applicable' option is vestigial; zero members picked it, and it is not a conditioned metric (only the tronc/tips family qualifies for already_conditioned).","DK (15) still on this metric → blanket-DK diff (r3sw5 stripped DK from HOL_001 only, not HOL_002); option-strip candidate mirroring the r3sw5 HOL_001 pattern. Holiday family: REW_BEN_HOL_001/002/008."
REW262_GOV_AIINPAY,c_genuine_na,60,high,"stays on graph - full answerer base (n=220), 'No AI use' remains a rendered bar",,,132/220 orgs answer 'No AI use'; this set is the parent-No authority consumed by REW265_GOV_AIDISCLOSE (see that row: 36/63 of its N/A orgs sit inside these 132).,"'No AI use' is a substantive stance on the AI-governance maturity ladder, not a scope exclusion - every org can adopt or not adopt AI in pay decisions, and 60% not using it IS the benchmark finding. It is also the parent condition REW265_GOV_AIDISCLOSE gates on; stripping it would destroy the gate.",AI-governance family: REW262_GOV_AIINPAY is parent of REW265_GOV_AIDISCLOSE. Option is_na=false in bank already - consistent with (c).
RED_TERM_03,c_genuine_na,44.6,high,stays on graph — 'Not applicable (statutory only / no enhancement)' (83 orgs) is the org's actual redundancy stance and must remain in the distribution and denominator,,,"Cross-checked vs RED_TERM_01 'Statutory only (no enhancement)' (43 orgs): only 17/83 overlap — 66 orgs are statutory-only on TERM_03 but enhanced/discretionary on TERM_01. Redundancy-family seed incoherence, but it does not change the class.","Textbook watch-list case: statutory-only IS a real answer on redundancy terms (the org's max-weeks policy IS the statutory calculation), not a skip; removing it would misrepresent 45% of the market as if they had no position.","DEFECT: 'Varies by grade/tenure' (88 orgs, stays on graph) is flagged is_na=true in options_json — exact same defect class migrate_red_term_01_na_flag.py fixed on RED_TERM_01; DK (15) → blanket-DK diff; zero orgs picked any actual week-band option (Up to 12wks…104+ all zero) so the graph currently has no numeric substance; RED_TERM family (01/02/03) seed coherence needs repair."
RED_TERM_02,c_genuine_na,40.5,high,stays on graph — 'Not applicable (statutory only / no enhancement)' (77 orgs) is the org's actual redundancy policy,RED_TERM_01,(relation only — NOT proposed as gate) RED_TERM_01 != 'Statutory only (no enhancement)',"77 RED_TERM_02 statutory-N/A orgs vs 43 RED_TERM_01 'Statutory only' orgs: overlap only 13; 64 orgs claim statutory-only on TERM_02 while TERM_01 says they enhance; 30 TERM_01-statutory orgs give a max multiple. Sibling RED_TERM_03 statutory-N/A = 83, overlap with TERM_02's 77 is only 26.","Ruled c-pattern from the brief: statutory-only IS a real answer on redundancy terms — the max-multiple for a statutory-only org is the statutory multiple, not a skip. Consistent with migrate_red_term_01_na_flag.py (statutory/enhanced options are substantive poles, 'Statutory only' is the lean pole of the base25 spine).","HEAVY redundancy-family seed incoherence (RED_TERM_01/02/03 mutually contradictory statutory-only sets — 13/77 and 26/83 overlaps) — flag for seed repair regardless of classification. 'Varies by grade/tenure' (94) stays on graph per varies rule; DK (19) queued blanket-DK. Family: RED_TERM_01 parent-of RED_TERM_02/RED_TERM_03 (enhanced side), plus REW265_BEN_ENHANCEDVR adjacent."
REW_BEN_SICK_004,c_genuine_na,38.5,high,stays on graph (n=213 answerers; 'Don't know' 9 → blanket-DK diff),,none applied — REW_BEN_SICK_001 (statutory-vs-enhanced OSP) exists as an alternative conditioning route but the stance belongs on the graph per the pilot rule,"82 'Not applicable (statutory only)' vs 90 REW_BEN_SICK_001 in ('Statutory sick pay only','No sick pay provided'): overlap only 39 (43 N/A-but-001-says-enhanced; 51 001-statutory-but-004-substantive)","'Not applicable (statutory only)' IS a substantive answer — the org's sick-pay policy is statutory-only, exactly the pattern the sweep instructions flag as genuine; it must stay on the graph",OSP family: REW_BEN_SICK_001 is the stance authority (SICK_002 'None (statutory only)' carries the same stance); cross-metric stance incoherence (39/82) needs seed-repair regardless of classification; DK present → blanket-DK diff
RED_TERM_01,c_genuine_na,19.8,high,"stays on graph (full answerer base n=217); only the residual 'Not applicable / Don't know' (2 orgs, is_na already true per migrate_red_term_01_na_flag.py) leaves via the queued blanket-DK diff",,none — RED_TERM_01 is itself the parent authority for the RED_TERM family,"43 'Statutory only' orgs vs RED_TERM_02's 77 'Not applicable (statutory only/no enhancement)': overlap only 13 (30 stat-only-but-substantive-on-02, 64 the other way); vs RED_TERM_03's 83: overlap 17","'Statutory only (no enhancement)' IS the substantive lean pole — the org's redundancy policy is statutory-only (register: live/market, enhanced options = positive pole, confirmed by the r3sw5-era migration script which deliberately left it is_na=false)","RED_TERM family: 01 is presence/stance authority for children RED_TERM_02/03 whose statutory-only N/As cohere badly (13/77, 17/83) — seed-repair; 'Not applicable / Don't know' co-opts DK → blanket-DK diff, not this sweep"
REW265_GOV_GPGNAMING,c_genuine_na,13.6,high,stays on graph — 'Not in scope (under 250 employees)' is a substantive statutory-scope answer; base unchanged (n=220),,,"All 30 'Not in scope' orgs have orgs.fte_band = '50-249' (30/30, measured live) — zero false scope claims","GPG reporting scope is a statutory fact: an under-250 org's true state IS out-of-scope, exactly the prompt's named c-pattern. Verified against firmographics — the scope claim is perfectly coherent.","Flagged per the c-watch: statutory-scope option must NOT leave the graph. If the platform later wants a scoped view, fte_band >= 250 is a firmographic cut, not an N/A drop."
REW263_GOV_ETHDISREADY,c_genuine_na,13.6,high,stays on graph; relabel 'Not applicable' → 'Not in scope (under 250 employees)' to match REW265_GOV_GPGNAMING,,"scope fact, not a bank question: fte_band '50-249' (under statutory 250 threshold)","All 30 N/A orgs have orgs.fte_band='50-249' (30/30), and the set is identical 30/30 to REW265_GOV_GPGNAMING's 'Not in scope (under 250 employees)' set","On a 250+ statutory-reporting metric, under-250 is a real scope fact about the org, not a skip — it belongs on the graph per the pilot rule","statutory-scope family with REW265_GOV_GPGNAMING (same 30-org under-250 set, perfectly coherent); label inconsistency between the two ('Not applicable' vs 'Not in scope (under 250 employees)')"
PROP_8e0b6316,c_genuine_na,4.2,medium,stays on graph (n=214 answerers unchanged),,,"9 N/A orgs measured; no parent metric exists to compare against — bank search for pay-review exists-questions returned only practice/outcome metrics (PROP_9e4ad87f budget, PROP_634adacd median rise, etc.), none a presence gate.",'Not applicable (no pay review)' (9 orgs) is a substantive governance stance — the org's review-cycle policy IS none. It is the zero point of the frequency scale and sits alongside 'No regular cycle (ad hoc)' (11); dropping it would hide the weakest-governance orgs from the distribution. No pay-review-exists gate found in the bank (searched all 9 'pay review' questions).,"DK co-option present (2 answers, queued blanket-DK diff). Recommend relabel to 'No pay review conducted' so it stops pattern-matching as N/A — same logic as the migrate_red_term_01_na_flag.py precedent (substantive option wrongly wearing NA clothing)."
REW_FAI_TRONC_TYPES_b5547658,already_conditioned,0,high,stays as-is: already renders over tronc-Yes orgs (n=16); N/A vestigial for member entry,REW_PAY_TRONC_6db81475,REW_PAY_TRONC_6db81475 = 'Yes' (formal tronc operates),"All 16 TYPES answerers are REW_PAY_TRONC='Yes' orgs (16/16; tronc-Yes total is exactly 16, tronc-No 6 gave no child answers). 0 N/A selections.",Tronc family metric already conditioned: 'Not applicable' has zero live share and every answerer sits inside the tronc-Yes parent set. Keep option for member entry only.,Tronc/tips family: REW_PAY_TIPS_EXIST root -> REW_PAY_TRONC -> TRONC_TYPES / TRONC_GROUPS / PRO_GOV_TRONC_IND.
REW_PAY_TIPS_EXIST_7c80c508,already_conditioned,0,high,stays as-is: renders over its conditioned sector base (n=27); N/A vestigial for member entry,,"sector-conditioned family root (Hospitality, Leisure & Travel)","All 27 answerers are industry='Hospitality, Leisure & Travel' (27/27); N/A selected by 0 orgs.","Tips/tronc family ROOT, already conditioned: all answerers are Hospitality, Leisure & Travel orgs and 'Not applicable' has zero live share - vestigial option kept for member entry. 'No - tips not received' is substantive and stays on graph.","Tips/tronc family root: parent of REW_PAY_TRONC_6db81475, REW_FAIR_TIPS_DIST_7d34e570, PRO_GOV_TIPS_POL_9e387fc5, and transitively TRONC_TYPES/GROUPS."
REW_PAY_TRONC_6db81475,already_conditioned,0,high,already conditioned at seed level: answer rows exist only for tips-receiving orgs (n=22); optionally declare mode 'conditioned' in data/applicable_bases.json with base_label 'tips-receiving organisations' for the member caption,REW_PAY_TIPS_EXIST_7c80c508,= 'Yes – tips/service charges are received',"22 TRONC answerers == 22 REW_PAY_TIPS_EXIST 'Yes – tips/service charges are received' orgs — SET-IDENTICAL (equality verified, overlap 22/22, zero violations either way); the 5 tips-No orgs have no TRONC rows","Tronc/tips family, prompt-named already-conditioned case: the N/A option carries zero answers (vestigial, kept for member entry) and the answer base is exactly the parent-Yes set.","TRONC/TIPS FAMILY: REW_PAY_TIPS_EXIST_7c80c508 parent of REW_PAY_TRONC, PRO_GOV_TIPS_POL_9e387fc5, PRO_GOV_TRONC_IND_3cc52941, REW_FAI_TRONC_GROUPS/TYPES, REW_FAIR_TIPS_DIST_7d34e570. Vestigial zero-share 'Not applicable' option — keep for entry, nothing to drop."
REW_FAIR_TIPS_DIST_7d34e570,already_conditioned,0,high,unchanged — already renders over tips-receiving orgs (n=22); N/A option vestigial for member entry,REW_PAY_TIPS_EXIST_7c80c508,REW_PAY_TIPS_EXIST_7c80c508 = 'Yes – tips/service charges are received' (n=22),"22 TIPS_DIST answerers == 22 TIPS_EXIST-'Yes' orgs: intersection 22, 0 strays either direction — exact set equality verified live.","Tronc/tips family is the platform's established conditioned chain (hospitality sector-gated module, r3sw1 ratios, r3sw5 extension). The N/A option has zero live answers.",Tips/tronc family chain: REW_PAY_TIPS_EXIST -> REW_FAIR_TIPS_DIST -> REW_PAY_TRONC -> REW_FAI_TRONC_TYPES / REW_FAI_TRONC_GROUPS / PRO_GOV_TRONC_IND / PRO_GOV_TIPS_POL; module='hospitality' sector gate on top. Keep vestigial N/A for member entry per rule.
